Metric,Correlation Coefficient,P-Value
SSIM,0.8838746336073083,2.6207314035118033e-60
PSNR,0.8385663285805532,1.467853212714822e-48
FSIM,0.8662531544914615,3.1324193217545176e-55
VIF,0.8613727871253389,5.958720397130395e-54
LPIPS,-0.8949863995390214,5.933262365920478e-64
AES,0.48195502684791786,5.071010657583209e-14
TG,0.5131195643837678,5.673348191078497e-16
NGS,0.16410568235000894,0.015525037260381519
GE,-0.1977692196103603,0.0034396275540786426
IE,-0.08937234760556349,0.18966894038724857
